TamanhoEntrada,TempoExecucao,QuantidadeTrocas
94708,0.0348579120,94707
94708,0.0345316340,94707
