TamanhoEntrada,TempoExecucao,QuantidadeTrocas
94708,30.6909980000,94694
94708,24.2779163400,94694
94708,26.9023005750,94694
